time,router,count,metric_type
2026-07-23 14:22:30+00:00,br-koramangala,0,routing
2026-07-23 14:22:30+00:00,zo-bengaluru,0,routing
2026-07-23 14:22:30+00:00,br-whitefield,0,routing
2026-07-23 14:22:30+00:00,ho-chennai,0,routing
2026-07-23 14:22:58+00:00,br-whitefield,0,routing
2026-07-23 14:22:58+00:00,ho-chennai,0,routing
2026-07-23 14:22:58+00:00,br-koramangala,0,routing
2026-07-23 14:22:58+00:00,zo-bengaluru,0,routing
2026-07-23 14:23:00+00:00,br-koramangala,0,routing
2026-07-23 14:23:00+00:00,zo-bengaluru,0,routing
2026-07-23 14:23:00+00:00,br-whitefield,0,routing
2026-07-23 14:23:00+00:00,ho-chennai,0,routing
2026-07-23 14:23:30+00:00,br-whitefield,0,routing
2026-07-23 14:23:30+00:00,ho-chennai,0,routing
2026-07-23 14:23:30+00:00,br-koramangala,0,routing
2026-07-23 14:23:30+00:00,zo-bengaluru,0,routing
2026-07-23 14:24:00+00:00,br-koramangala,0,routing
2026-07-23 14:24:00+00:00,zo-bengaluru,0,routing
2026-07-23 14:24:00+00:00,br-whitefield,0,routing
2026-07-23 14:24:00+00:00,ho-chennai,0,routing
2026-07-23 14:24:30+00:00,br-whitefield,0,routing
2026-07-23 14:24:30+00:00,ho-chennai,0,routing
2026-07-23 14:24:30+00:00,br-koramangala,0,routing
2026-07-23 14:24:30+00:00,zo-bengaluru,0,routing
2026-07-23 14:25:00+00:00,br-koramangala,0,routing
2026-07-23 14:25:00+00:00,zo-bengaluru,0,routing
2026-07-23 14:25:00+00:00,br-whitefield,0,routing
2026-07-23 14:25:00+00:00,ho-chennai,0,routing
2026-07-23 14:25:30+00:00,br-whitefield,0,routing
2026-07-23 14:25:30+00:00,ho-chennai,0,routing
2026-07-23 14:25:30+00:00,br-koramangala,0,routing
2026-07-23 14:25:30+00:00,zo-bengaluru,0,routing
2026-07-23 14:26:00+00:00,br-koramangala,0,routing
2026-07-23 14:26:00+00:00,zo-bengaluru,0,routing
2026-07-23 14:26:00+00:00,br-whitefield,0,routing
2026-07-23 14:26:00+00:00,ho-chennai,0,routing
2026-07-23 14:26:30+00:00,br-whitefield,0,routing
2026-07-23 14:26:30+00:00,ho-chennai,0,routing
2026-07-23 14:26:30+00:00,br-koramangala,0,routing
2026-07-23 14:26:30+00:00,zo-bengaluru,0,routing
2026-07-23 14:27:00+00:00,br-koramangala,0,routing
2026-07-23 14:27:00+00:00,zo-bengaluru,0,routing
2026-07-23 14:27:00+00:00,br-whitefield,0,routing
2026-07-23 14:27:00+00:00,ho-chennai,0,routing
2026-07-23 14:27:30+00:00,br-whitefield,0,routing
2026-07-23 14:27:30+00:00,ho-chennai,0,routing
2026-07-23 14:27:30+00:00,br-koramangala,0,routing
2026-07-23 14:27:30+00:00,zo-bengaluru,0,routing
2026-07-23 14:28:00+00:00,br-koramangala,0,routing
2026-07-23 14:28:00+00:00,zo-bengaluru,0,routing
2026-07-23 14:28:00+00:00,br-whitefield,0,routing
2026-07-23 14:28:00+00:00,ho-chennai,0,routing
2026-07-23 14:28:30+00:00,br-whitefield,0,routing
2026-07-23 14:28:30+00:00,ho-chennai,0,routing
2026-07-23 14:28:30+00:00,br-koramangala,0,routing
2026-07-23 14:28:30+00:00,zo-bengaluru,0,routing
2026-07-23 14:29:00+00:00,br-koramangala,0,routing
2026-07-23 14:29:00+00:00,zo-bengaluru,0,routing
2026-07-23 14:29:00+00:00,br-whitefield,0,routing
2026-07-23 14:29:00+00:00,ho-chennai,0,routing
2026-07-23 14:29:30+00:00,br-whitefield,0,routing
2026-07-23 14:29:30+00:00,ho-chennai,0,routing
2026-07-23 14:29:30+00:00,br-koramangala,0,routing
2026-07-23 14:29:30+00:00,zo-bengaluru,0,routing
2026-07-23 14:30:00+00:00,br-koramangala,0,routing
2026-07-23 14:30:00+00:00,zo-bengaluru,0,routing
2026-07-23 14:30:00+00:00,br-whitefield,0,routing
2026-07-23 14:30:00+00:00,ho-chennai,0,routing
2026-07-23 14:30:30+00:00,br-whitefield,0,routing
2026-07-23 14:30:30+00:00,ho-chennai,0,routing
2026-07-23 14:30:30+00:00,br-koramangala,0,routing
2026-07-23 14:30:30+00:00,zo-bengaluru,0,routing
2026-07-23 14:31:00+00:00,br-koramangala,0,routing
2026-07-23 14:31:00+00:00,zo-bengaluru,0,routing
2026-07-23 14:31:00+00:00,br-whitefield,0,routing
2026-07-23 14:31:00+00:00,ho-chennai,0,routing
2026-07-23 14:31:30+00:00,br-whitefield,0,routing
2026-07-23 14:31:30+00:00,ho-chennai,0,routing
2026-07-23 14:31:30+00:00,br-koramangala,0,routing
2026-07-23 14:31:30+00:00,zo-bengaluru,0,routing
2026-07-23 14:32:00+00:00,br-koramangala,0,routing
2026-07-23 14:32:00+00:00,zo-bengaluru,0,routing
2026-07-23 14:32:00+00:00,br-whitefield,0,routing
2026-07-23 14:32:00+00:00,ho-chennai,0,routing
2026-07-23 14:32:30+00:00,br-whitefield,0,routing
2026-07-23 14:32:30+00:00,ho-chennai,0,routing
2026-07-23 14:32:30+00:00,br-koramangala,0,routing
2026-07-23 14:32:30+00:00,zo-bengaluru,0,routing
2026-07-23 14:33:00+00:00,br-koramangala,0,routing
2026-07-23 14:33:00+00:00,zo-bengaluru,0,routing
2026-07-23 14:33:00+00:00,br-whitefield,0,routing
2026-07-23 14:33:00+00:00,ho-chennai,0,routing
2026-07-23 14:33:30+00:00,br-whitefield,0,routing
2026-07-23 14:33:30+00:00,ho-chennai,0,routing
2026-07-23 14:33:30+00:00,br-koramangala,0,routing
2026-07-23 14:33:30+00:00,zo-bengaluru,0,routing
2026-07-23 14:34:00+00:00,br-koramangala,0,routing
2026-07-23 14:34:00+00:00,zo-bengaluru,0,routing
2026-07-23 14:34:00+00:00,br-whitefield,0,routing
2026-07-23 14:34:00+00:00,ho-chennai,0,routing
2026-07-23 14:34:30+00:00,br-whitefield,0,routing
2026-07-23 14:34:30+00:00,ho-chennai,0,routing
2026-07-23 14:34:30+00:00,br-koramangala,0,routing
2026-07-23 14:34:30+00:00,zo-bengaluru,0,routing
2026-07-23 14:35:00+00:00,br-koramangala,0,routing
2026-07-23 14:35:00+00:00,zo-bengaluru,0,routing
2026-07-23 14:35:00+00:00,br-whitefield,0,routing
2026-07-23 14:35:00+00:00,ho-chennai,0,routing
2026-07-23 14:35:30+00:00,br-whitefield,0,routing
2026-07-23 14:35:30+00:00,ho-chennai,0,routing
2026-07-23 14:35:30+00:00,br-koramangala,0,routing
2026-07-23 14:35:30+00:00,zo-bengaluru,0,routing
2026-07-23 14:36:00+00:00,br-koramangala,0,routing
2026-07-23 14:36:00+00:00,zo-bengaluru,0,routing
2026-07-23 14:36:00+00:00,br-whitefield,0,routing
2026-07-23 14:36:00+00:00,ho-chennai,0,routing
2026-07-23 14:36:30+00:00,br-whitefield,0,routing
2026-07-23 14:36:30+00:00,ho-chennai,0,routing
2026-07-23 14:36:30+00:00,br-koramangala,0,routing
2026-07-23 14:36:30+00:00,zo-bengaluru,0,routing
2026-07-23 14:37:00+00:00,br-koramangala,0,routing
2026-07-23 14:37:00+00:00,zo-bengaluru,0,routing
2026-07-23 14:37:00+00:00,br-whitefield,0,routing
2026-07-23 14:37:00+00:00,ho-chennai,0,routing
2026-07-23 14:37:30+00:00,br-whitefield,0,routing
2026-07-23 14:37:30+00:00,ho-chennai,0,routing
2026-07-23 14:37:30+00:00,br-koramangala,0,routing
2026-07-23 14:37:30+00:00,zo-bengaluru,0,routing
2026-07-23 14:38:00+00:00,br-koramangala,0,routing
2026-07-23 14:38:00+00:00,zo-bengaluru,0,routing
2026-07-23 14:38:00+00:00,br-whitefield,0,routing
2026-07-23 14:38:00+00:00,ho-chennai,0,routing
2026-07-23 14:38:30+00:00,br-whitefield,0,routing
2026-07-23 14:38:30+00:00,ho-chennai,0,routing
2026-07-23 14:38:30+00:00,br-koramangala,0,routing
2026-07-23 14:38:30+00:00,zo-bengaluru,0,routing
2026-07-23 14:39:00+00:00,br-koramangala,0,routing
2026-07-23 14:39:00+00:00,zo-bengaluru,0,routing
2026-07-23 14:39:00+00:00,br-whitefield,0,routing
2026-07-23 14:39:00+00:00,ho-chennai,0,routing
2026-07-23 14:39:30+00:00,br-whitefield,0,routing
2026-07-23 14:39:30+00:00,ho-chennai,0,routing
2026-07-23 14:39:30+00:00,br-koramangala,0,routing
2026-07-23 14:39:30+00:00,zo-bengaluru,0,routing
2026-07-23 14:40:00+00:00,br-koramangala,0,routing
2026-07-23 14:40:00+00:00,zo-bengaluru,0,routing
2026-07-23 14:40:00+00:00,br-whitefield,0,routing
2026-07-23 14:40:00+00:00,ho-chennai,0,routing
2026-07-23 14:40:30+00:00,br-whitefield,0,routing
2026-07-23 14:40:30+00:00,ho-chennai,0,routing
2026-07-23 14:40:30+00:00,br-koramangala,0,routing
2026-07-23 14:40:30+00:00,zo-bengaluru,0,routing
2026-07-23 14:41:00+00:00,br-koramangala,0,routing
2026-07-23 14:41:00+00:00,zo-bengaluru,0,routing
2026-07-23 14:41:00+00:00,br-whitefield,0,routing
2026-07-23 14:41:00+00:00,ho-chennai,0,routing
2026-07-23 14:41:30+00:00,br-whitefield,0,routing
2026-07-23 14:41:30+00:00,ho-chennai,0,routing
2026-07-23 14:41:30+00:00,br-koramangala,0,routing
2026-07-23 14:41:30+00:00,zo-bengaluru,0,routing
2026-07-23 14:42:00+00:00,br-koramangala,0,routing
2026-07-23 14:42:00+00:00,zo-bengaluru,0,routing
2026-07-23 14:42:00+00:00,br-whitefield,0,routing
2026-07-23 14:42:00+00:00,ho-chennai,0,routing
2026-07-23 14:42:30+00:00,br-whitefield,0,routing
2026-07-23 14:42:30+00:00,ho-chennai,0,routing
2026-07-23 14:42:30+00:00,br-koramangala,0,routing
2026-07-23 14:42:30+00:00,zo-bengaluru,0,routing
2026-07-23 14:43:00+00:00,br-koramangala,0,routing
2026-07-23 14:43:00+00:00,zo-bengaluru,0,routing
2026-07-23 14:43:00+00:00,br-whitefield,0,routing
2026-07-23 14:43:00+00:00,ho-chennai,0,routing
2026-07-23 14:43:30+00:00,br-whitefield,0,routing
2026-07-23 14:43:30+00:00,ho-chennai,0,routing
2026-07-23 14:43:30+00:00,zo-bengaluru,0,routing
2026-07-23 14:43:30+00:00,br-koramangala,0,routing
2026-07-24 10:09:00+00:00,br-koramangala,0,routing
2026-07-24 10:09:00+00:00,zo-bengaluru,0,routing
2026-07-24 10:09:00+00:00,br-whitefield,0,routing
2026-07-24 10:09:00+00:00,ho-chennai,0,routing
2026-07-24 10:09:28+00:00,br-whitefield,0,routing
2026-07-24 10:09:28+00:00,ho-chennai,0,routing
2026-07-24 10:09:28+00:00,br-koramangala,0,routing
2026-07-24 10:09:28+00:00,zo-bengaluru,0,routing
2026-07-24 10:09:30+00:00,br-koramangala,0,routing
2026-07-24 10:09:30+00:00,zo-bengaluru,0,routing
2026-07-24 10:09:30+00:00,br-whitefield,0,routing
2026-07-24 10:09:30+00:00,ho-chennai,0,routing
2026-07-24 10:28:13+00:00,br-whitefield,0,routing
2026-07-24 10:28:13+00:00,ho-chennai,0,routing
2026-07-24 10:28:13+00:00,br-koramangala,0,routing
2026-07-24 10:28:13+00:00,zo-bengaluru,0,routing
2026-07-24 10:28:31+00:00,br-koramangala,0,routing
2026-07-24 10:28:31+00:00,zo-bengaluru,0,routing
2026-07-24 10:28:31+00:00,br-whitefield,0,routing
2026-07-24 10:28:31+00:00,ho-chennai,0,routing
2026-07-24 10:29:00+00:00,br-whitefield,0,routing
2026-07-24 10:29:00+00:00,ho-chennai,0,routing
2026-07-24 10:29:00+00:00,br-koramangala,0,routing
2026-07-24 10:29:00+00:00,zo-bengaluru,0,routing
2026-07-24 10:29:30+00:00,br-koramangala,0,routing
2026-07-24 10:29:30+00:00,zo-bengaluru,0,routing
2026-07-24 10:29:30+00:00,br-whitefield,0,routing
2026-07-24 10:29:30+00:00,ho-chennai,0,routing
2026-07-24 10:30:00+00:00,br-whitefield,0,routing
2026-07-24 10:30:00+00:00,ho-chennai,0,routing
2026-07-24 10:30:00+00:00,br-koramangala,0,routing
2026-07-24 10:30:00+00:00,zo-bengaluru,0,routing
2026-07-24 10:30:30+00:00,br-koramangala,0,routing
2026-07-24 10:30:30+00:00,zo-bengaluru,0,routing
2026-07-24 10:30:30+00:00,br-whitefield,0,routing
2026-07-24 10:30:30+00:00,ho-chennai,0,routing
2026-07-24 10:31:00+00:00,br-whitefield,0,routing
2026-07-24 10:31:00+00:00,ho-chennai,0,routing
2026-07-24 10:31:00+00:00,br-koramangala,0,routing
2026-07-24 10:31:00+00:00,zo-bengaluru,0,routing
2026-07-24 10:31:30+00:00,br-koramangala,0,routing
2026-07-24 10:31:30+00:00,zo-bengaluru,0,routing
2026-07-24 10:31:30+00:00,br-whitefield,0,routing
2026-07-24 10:31:30+00:00,ho-chennai,0,routing
2026-07-24 10:32:00+00:00,br-whitefield,0,routing
2026-07-24 10:32:00+00:00,ho-chennai,0,routing
2026-07-24 10:32:00+00:00,br-koramangala,0,routing
2026-07-24 10:32:00+00:00,zo-bengaluru,0,routing
2026-07-24 10:32:30+00:00,br-koramangala,0,routing
2026-07-24 10:32:30+00:00,zo-bengaluru,0,routing
2026-07-24 10:32:30+00:00,br-whitefield,0,routing
2026-07-24 10:32:30+00:00,ho-chennai,0,routing
2026-07-24 10:33:00+00:00,br-whitefield,0,routing
2026-07-24 10:33:00+00:00,ho-chennai,0,routing
2026-07-24 10:33:00+00:00,br-koramangala,0,routing
2026-07-24 10:33:00+00:00,zo-bengaluru,0,routing
2026-07-24 10:33:30+00:00,br-koramangala,0,routing
2026-07-24 10:33:30+00:00,zo-bengaluru,0,routing
2026-07-24 10:33:30+00:00,br-whitefield,0,routing
2026-07-24 10:33:30+00:00,ho-chennai,0,routing
2026-07-24 10:34:00+00:00,br-whitefield,0,routing
2026-07-24 10:34:00+00:00,ho-chennai,0,routing
2026-07-24 10:34:00+00:00,br-koramangala,0,routing
2026-07-24 10:34:00+00:00,zo-bengaluru,0,routing
2026-07-24 10:34:30+00:00,br-koramangala,0,routing
2026-07-24 10:34:30+00:00,zo-bengaluru,0,routing
2026-07-24 10:34:30+00:00,br-whitefield,0,routing
2026-07-24 10:34:30+00:00,ho-chennai,0,routing
2026-07-24 10:35:00+00:00,br-whitefield,0,routing
2026-07-24 10:35:00+00:00,ho-chennai,0,routing
2026-07-24 10:35:00+00:00,br-koramangala,0,routing
2026-07-24 10:35:00+00:00,zo-bengaluru,0,routing
2026-07-24 10:35:30+00:00,br-koramangala,0,routing
2026-07-24 10:35:30+00:00,zo-bengaluru,0,routing
2026-07-24 10:35:30+00:00,br-whitefield,0,routing
2026-07-24 10:35:30+00:00,ho-chennai,0,routing
2026-07-24 10:36:00+00:00,br-whitefield,0,routing
2026-07-24 10:36:00+00:00,ho-chennai,0,routing
2026-07-24 10:36:00+00:00,br-koramangala,0,routing
2026-07-24 10:36:00+00:00,zo-bengaluru,0,routing
2026-07-24 10:36:30+00:00,br-koramangala,0,routing
2026-07-24 10:36:30+00:00,zo-bengaluru,0,routing
2026-07-24 10:36:30+00:00,br-whitefield,0,routing
2026-07-24 10:36:30+00:00,ho-chennai,0,routing
2026-07-24 10:37:00+00:00,br-whitefield,0,routing
2026-07-24 10:37:00+00:00,ho-chennai,0,routing
2026-07-24 10:37:00+00:00,br-koramangala,0,routing
2026-07-24 10:37:00+00:00,zo-bengaluru,0,routing
2026-07-24 10:37:30+00:00,br-koramangala,0,routing
2026-07-24 10:37:30+00:00,zo-bengaluru,0,routing
2026-07-24 10:37:30+00:00,br-whitefield,0,routing
2026-07-24 10:37:30+00:00,ho-chennai,0,routing
2026-07-24 10:38:00+00:00,br-whitefield,0,routing
2026-07-24 10:38:00+00:00,ho-chennai,0,routing
2026-07-24 10:38:00+00:00,br-koramangala,0,routing
2026-07-24 10:38:00+00:00,zo-bengaluru,0,routing
2026-07-24 10:38:30+00:00,br-koramangala,0,routing
2026-07-24 10:38:30+00:00,zo-bengaluru,0,routing
2026-07-24 10:38:30+00:00,br-whitefield,0,routing
2026-07-24 10:38:30+00:00,ho-chennai,0,routing
2026-07-24 10:39:00+00:00,br-whitefield,0,routing
2026-07-24 10:39:00+00:00,ho-chennai,0,routing
2026-07-24 10:39:00+00:00,br-koramangala,0,routing
2026-07-24 10:39:00+00:00,zo-bengaluru,0,routing
2026-07-24 10:39:30+00:00,br-koramangala,0,routing
2026-07-24 10:39:30+00:00,zo-bengaluru,0,routing
2026-07-24 10:39:30+00:00,br-whitefield,0,routing
2026-07-24 10:39:30+00:00,ho-chennai,0,routing
2026-07-24 10:40:00+00:00,br-whitefield,0,routing
2026-07-24 10:40:00+00:00,ho-chennai,0,routing
2026-07-24 10:40:00+00:00,br-koramangala,0,routing
2026-07-24 10:40:00+00:00,zo-bengaluru,0,routing
2026-07-24 10:40:30+00:00,br-koramangala,0,routing
2026-07-24 10:40:30+00:00,zo-bengaluru,0,routing
2026-07-24 10:40:30+00:00,br-whitefield,0,routing
2026-07-24 10:40:30+00:00,ho-chennai,0,routing
2026-07-24 10:41:00+00:00,br-whitefield,0,routing
2026-07-24 10:41:00+00:00,ho-chennai,0,routing
2026-07-24 10:41:00+00:00,br-koramangala,0,routing
2026-07-24 10:41:00+00:00,zo-bengaluru,0,routing
2026-07-24 10:41:30+00:00,br-koramangala,0,routing
2026-07-24 10:41:30+00:00,zo-bengaluru,0,routing
2026-07-24 10:41:30+00:00,br-whitefield,0,routing
2026-07-24 10:41:30+00:00,ho-chennai,0,routing
2026-07-24 10:42:00+00:00,br-whitefield,0,routing
2026-07-24 10:42:00+00:00,ho-chennai,0,routing
2026-07-24 10:42:00+00:00,br-koramangala,0,routing
2026-07-24 10:42:00+00:00,zo-bengaluru,0,routing
2026-07-24 10:42:30+00:00,br-koramangala,0,routing
2026-07-24 10:42:30+00:00,zo-bengaluru,0,routing
2026-07-24 10:42:30+00:00,br-whitefield,0,routing
2026-07-24 10:42:30+00:00,ho-chennai,0,routing
2026-07-24 10:43:00+00:00,br-whitefield,0,routing
2026-07-24 10:43:00+00:00,ho-chennai,0,routing
2026-07-24 10:43:00+00:00,br-koramangala,0,routing
2026-07-24 10:43:00+00:00,zo-bengaluru,0,routing
2026-07-24 10:43:30+00:00,br-koramangala,0,routing
2026-07-24 10:43:30+00:00,zo-bengaluru,0,routing
2026-07-24 10:43:30+00:00,br-whitefield,0,routing
2026-07-24 10:43:30+00:00,ho-chennai,0,routing
2026-07-24 10:44:00+00:00,br-whitefield,0,routing
2026-07-24 10:44:00+00:00,ho-chennai,0,routing
2026-07-24 10:44:00+00:00,br-koramangala,0,routing
2026-07-24 10:44:00+00:00,zo-bengaluru,0,routing
2026-07-24 10:44:30+00:00,br-koramangala,0,routing
2026-07-24 10:44:30+00:00,zo-bengaluru,0,routing
2026-07-24 10:44:30+00:00,br-whitefield,0,routing
2026-07-24 10:44:30+00:00,ho-chennai,0,routing
2026-07-24 10:45:00+00:00,br-whitefield,0,routing
2026-07-24 10:45:00+00:00,ho-chennai,0,routing
2026-07-24 10:45:00+00:00,br-koramangala,0,routing
2026-07-24 10:45:00+00:00,zo-bengaluru,0,routing
2026-07-24 10:45:30+00:00,br-koramangala,0,routing
2026-07-24 10:45:30+00:00,zo-bengaluru,0,routing
2026-07-24 10:45:30+00:00,br-whitefield,0,routing
2026-07-24 10:45:30+00:00,ho-chennai,0,routing
2026-07-24 10:46:00+00:00,br-whitefield,0,routing
2026-07-24 10:46:00+00:00,ho-chennai,0,routing
2026-07-24 10:46:00+00:00,br-koramangala,0,routing
2026-07-24 10:46:00+00:00,zo-bengaluru,0,routing
2026-07-24 10:46:30+00:00,br-koramangala,0,routing
2026-07-24 10:46:30+00:00,zo-bengaluru,0,routing
2026-07-24 10:46:30+00:00,br-whitefield,0,routing
2026-07-24 10:46:30+00:00,ho-chennai,0,routing
2026-07-24 10:47:00+00:00,br-whitefield,0,routing
2026-07-24 10:47:00+00:00,ho-chennai,0,routing
2026-07-24 10:47:00+00:00,br-koramangala,0,routing
2026-07-24 10:47:00+00:00,zo-bengaluru,0,routing
2026-07-24 10:47:30+00:00,br-koramangala,0,routing
2026-07-24 10:47:30+00:00,zo-bengaluru,0,routing
2026-07-24 10:47:30+00:00,br-whitefield,0,routing
2026-07-24 10:47:30+00:00,ho-chennai,0,routing
2026-07-24 10:48:00+00:00,br-whitefield,0,routing
2026-07-24 10:48:00+00:00,ho-chennai,0,routing
2026-07-24 10:48:00+00:00,br-koramangala,0,routing
2026-07-24 10:48:00+00:00,zo-bengaluru,0,routing
2026-07-24 10:48:30+00:00,br-koramangala,0,routing
2026-07-24 10:48:30+00:00,zo-bengaluru,0,routing
2026-07-24 10:48:30+00:00,br-whitefield,0,routing
2026-07-24 10:48:30+00:00,ho-chennai,0,routing
2026-07-24 10:49:00+00:00,br-whitefield,0,routing
2026-07-24 10:49:00+00:00,ho-chennai,0,routing
2026-07-24 10:49:00+00:00,br-koramangala,0,routing
2026-07-24 10:49:00+00:00,zo-bengaluru,0,routing
2026-07-24 10:49:30+00:00,br-koramangala,0,routing
2026-07-24 10:49:30+00:00,zo-bengaluru,0,routing
2026-07-24 10:49:30+00:00,br-whitefield,0,routing
2026-07-24 10:49:30+00:00,ho-chennai,0,routing
2026-07-24 10:50:00+00:00,br-whitefield,0,routing
2026-07-24 10:50:00+00:00,ho-chennai,0,routing
2026-07-24 10:50:00+00:00,br-koramangala,0,routing
2026-07-24 10:50:00+00:00,zo-bengaluru,0,routing
2026-07-24 10:50:30+00:00,br-koramangala,0,routing
2026-07-24 10:50:30+00:00,zo-bengaluru,0,routing
2026-07-24 10:50:30+00:00,br-whitefield,0,routing
2026-07-24 10:50:30+00:00,ho-chennai,0,routing
2026-07-24 10:51:00+00:00,br-whitefield,0,routing
2026-07-24 10:51:00+00:00,ho-chennai,0,routing
2026-07-24 10:51:00+00:00,br-koramangala,0,routing
2026-07-24 10:51:00+00:00,zo-bengaluru,0,routing
2026-07-24 10:51:30+00:00,br-koramangala,0,routing
2026-07-24 10:51:30+00:00,zo-bengaluru,0,routing
2026-07-24 10:51:30+00:00,br-whitefield,0,routing
2026-07-24 10:51:30+00:00,ho-chennai,0,routing
2026-07-24 10:52:00+00:00,br-whitefield,0,routing
2026-07-24 10:52:00+00:00,ho-chennai,0,routing
2026-07-24 10:52:00+00:00,br-koramangala,0,routing
2026-07-24 10:52:00+00:00,zo-bengaluru,0,routing
2026-07-24 10:52:30+00:00,br-koramangala,0,routing
2026-07-24 10:52:30+00:00,zo-bengaluru,0,routing
2026-07-24 10:52:30+00:00,br-whitefield,0,routing
2026-07-24 10:52:30+00:00,ho-chennai,0,routing
2026-07-24 10:53:00+00:00,br-whitefield,0,routing
2026-07-24 10:53:00+00:00,ho-chennai,0,routing
2026-07-24 10:53:00+00:00,br-koramangala,0,routing
2026-07-24 10:53:00+00:00,zo-bengaluru,0,routing
2026-07-24 12:12:00+00:00,br-koramangala,0,routing
2026-07-24 12:12:00+00:00,zo-bengaluru,0,routing
2026-07-24 12:12:00+00:00,br-whitefield,0,routing
2026-07-24 12:12:00+00:00,ho-chennai,0,routing
2026-07-24 12:12:30+00:00,br-whitefield,0,routing
2026-07-24 12:12:30+00:00,ho-chennai,0,routing
2026-07-24 12:12:30+00:00,br-koramangala,0,routing
2026-07-24 12:12:30+00:00,zo-bengaluru,0,routing
2026-07-24 12:13:00+00:00,br-koramangala,0,routing
2026-07-24 12:13:00+00:00,zo-bengaluru,0,routing
2026-07-24 12:13:00+00:00,br-whitefield,0,routing
2026-07-24 12:13:00+00:00,ho-chennai,0,routing
2026-07-24 12:13:30+00:00,br-whitefield,0,routing
2026-07-24 12:13:30+00:00,ho-chennai,0,routing
2026-07-24 12:13:30+00:00,br-koramangala,0,routing
2026-07-24 12:13:30+00:00,zo-bengaluru,0,routing
2026-07-24 12:14:00+00:00,br-koramangala,0,routing
2026-07-24 12:14:00+00:00,zo-bengaluru,0,routing
2026-07-24 12:14:00+00:00,br-whitefield,0,routing
2026-07-24 12:14:00+00:00,ho-chennai,0,routing
2026-07-24 12:14:30+00:00,br-whitefield,0,routing
2026-07-24 12:14:30+00:00,ho-chennai,0,routing
2026-07-24 12:14:30+00:00,br-koramangala,0,routing
2026-07-24 12:14:30+00:00,zo-bengaluru,0,routing
2026-07-24 12:15:00+00:00,br-koramangala,0,routing
2026-07-24 12:15:00+00:00,zo-bengaluru,0,routing
2026-07-24 12:15:00+00:00,br-whitefield,0,routing
2026-07-24 12:15:00+00:00,ho-chennai,0,routing
2026-07-24 12:15:30+00:00,br-whitefield,0,routing
2026-07-24 12:15:30+00:00,ho-chennai,0,routing
2026-07-24 12:15:30+00:00,br-koramangala,0,routing
2026-07-24 12:15:30+00:00,zo-bengaluru,0,routing
2026-07-24 12:16:00+00:00,br-koramangala,0,routing
2026-07-24 12:16:00+00:00,zo-bengaluru,0,routing
2026-07-24 12:16:00+00:00,br-whitefield,0,routing
2026-07-24 12:16:00+00:00,ho-chennai,0,routing
2026-07-24 12:16:30+00:00,br-whitefield,0,routing
2026-07-24 12:16:30+00:00,ho-chennai,0,routing
2026-07-24 12:16:30+00:00,br-koramangala,0,routing
2026-07-24 12:16:30+00:00,zo-bengaluru,0,routing
2026-07-24 12:17:00+00:00,br-koramangala,0,routing
2026-07-24 12:17:00+00:00,zo-bengaluru,0,routing
2026-07-24 12:17:00+00:00,br-whitefield,0,routing
2026-07-24 12:17:00+00:00,ho-chennai,0,routing
2026-07-24 12:17:30+00:00,br-whitefield,0,routing
2026-07-24 12:17:30+00:00,ho-chennai,0,routing
2026-07-24 12:17:30+00:00,br-koramangala,0,routing
2026-07-24 12:17:30+00:00,zo-bengaluru,0,routing
2026-07-24 12:18:00+00:00,br-koramangala,0,routing
2026-07-24 12:18:00+00:00,zo-bengaluru,0,routing
2026-07-24 12:18:00+00:00,br-whitefield,0,routing
2026-07-24 12:18:00+00:00,ho-chennai,0,routing
2026-07-24 12:18:30+00:00,br-whitefield,0,routing
2026-07-24 12:18:30+00:00,ho-chennai,0,routing
2026-07-24 12:18:30+00:00,br-koramangala,0,routing
2026-07-24 12:18:30+00:00,zo-bengaluru,0,routing
2026-07-24 12:19:00+00:00,br-koramangala,0,routing
2026-07-24 12:19:00+00:00,zo-bengaluru,0,routing
2026-07-24 12:19:00+00:00,br-whitefield,0,routing
2026-07-24 12:19:00+00:00,ho-chennai,0,routing
2026-07-24 12:19:30+00:00,br-whitefield,0,routing
2026-07-24 12:19:30+00:00,ho-chennai,0,routing
2026-07-24 12:19:30+00:00,br-koramangala,0,routing
2026-07-24 12:19:30+00:00,zo-bengaluru,0,routing
2026-07-24 12:20:00+00:00,br-koramangala,0,routing
2026-07-24 12:20:00+00:00,zo-bengaluru,0,routing
2026-07-24 12:20:00+00:00,br-whitefield,0,routing
2026-07-24 12:20:00+00:00,ho-chennai,0,routing
2026-07-24 12:20:30+00:00,br-whitefield,0,routing
2026-07-24 12:20:30+00:00,ho-chennai,0,routing
2026-07-24 12:20:30+00:00,br-koramangala,0,routing
2026-07-24 12:20:30+00:00,zo-bengaluru,0,routing
2026-07-24 12:21:00+00:00,br-koramangala,0,routing
2026-07-24 12:21:00+00:00,zo-bengaluru,0,routing
2026-07-24 12:21:00+00:00,br-whitefield,0,routing
2026-07-24 12:21:00+00:00,ho-chennai,0,routing
2026-07-24 12:21:30+00:00,br-whitefield,0,routing
2026-07-24 12:21:30+00:00,ho-chennai,0,routing
2026-07-24 12:21:30+00:00,br-koramangala,0,routing
2026-07-24 12:21:30+00:00,zo-bengaluru,0,routing
2026-07-24 12:22:00+00:00,br-koramangala,0,routing
2026-07-24 12:22:00+00:00,zo-bengaluru,0,routing
2026-07-24 12:22:00+00:00,br-whitefield,0,routing
2026-07-24 12:22:00+00:00,ho-chennai,0,routing
2026-07-24 12:22:30+00:00,br-whitefield,0,routing
2026-07-24 12:22:30+00:00,ho-chennai,0,routing
2026-07-24 12:22:30+00:00,br-koramangala,0,routing
2026-07-24 12:22:30+00:00,zo-bengaluru,0,routing
2026-07-24 12:23:00+00:00,br-koramangala,0,routing
2026-07-24 12:23:00+00:00,zo-bengaluru,0,routing
2026-07-24 12:23:00+00:00,br-whitefield,0,routing
2026-07-24 12:23:00+00:00,ho-chennai,0,routing
2026-07-24 12:23:30+00:00,br-whitefield,0,routing
2026-07-24 12:23:30+00:00,ho-chennai,0,routing
2026-07-24 12:23:30+00:00,br-koramangala,0,routing
2026-07-24 12:23:30+00:00,zo-bengaluru,0,routing
2026-07-24 12:24:00+00:00,br-koramangala,0,routing
2026-07-24 12:24:00+00:00,zo-bengaluru,0,routing
2026-07-24 12:24:00+00:00,br-whitefield,0,routing
2026-07-24 12:24:00+00:00,ho-chennai,0,routing
2026-07-24 12:24:30+00:00,br-whitefield,0,routing
2026-07-24 12:24:30+00:00,ho-chennai,0,routing
2026-07-24 12:24:30+00:00,br-koramangala,0,routing
2026-07-24 12:24:30+00:00,zo-bengaluru,0,routing
2026-07-24 12:25:00+00:00,br-koramangala,0,routing
2026-07-24 12:25:00+00:00,zo-bengaluru,0,routing
2026-07-24 12:25:00+00:00,br-whitefield,0,routing
2026-07-24 12:25:00+00:00,ho-chennai,0,routing
2026-07-24 12:25:30+00:00,br-whitefield,0,routing
2026-07-24 12:25:30+00:00,ho-chennai,0,routing
2026-07-24 12:25:30+00:00,br-koramangala,0,routing
2026-07-24 12:25:30+00:00,zo-bengaluru,0,routing
2026-07-24 12:26:00+00:00,br-koramangala,0,routing
2026-07-24 12:26:00+00:00,zo-bengaluru,0,routing
2026-07-24 12:26:00+00:00,br-whitefield,0,routing
2026-07-24 12:26:00+00:00,ho-chennai,0,routing
2026-07-24 12:26:30+00:00,br-whitefield,0,routing
2026-07-24 12:26:30+00:00,ho-chennai,0,routing
2026-07-24 12:26:30+00:00,br-koramangala,0,routing
2026-07-24 12:26:30+00:00,zo-bengaluru,0,routing
2026-07-24 12:27:00+00:00,br-koramangala,0,routing
2026-07-24 12:27:00+00:00,zo-bengaluru,0,routing
2026-07-24 12:27:00+00:00,br-whitefield,0,routing
2026-07-24 12:27:00+00:00,ho-chennai,0,routing
2026-07-24 12:27:30+00:00,br-whitefield,0,routing
2026-07-24 12:27:30+00:00,ho-chennai,0,routing
2026-07-24 12:27:30+00:00,br-koramangala,0,routing
2026-07-24 12:27:30+00:00,zo-bengaluru,0,routing
2026-07-24 12:28:00+00:00,br-koramangala,0,routing
2026-07-24 12:28:00+00:00,zo-bengaluru,0,routing
2026-07-24 12:28:00+00:00,br-whitefield,0,routing
2026-07-24 12:28:00+00:00,ho-chennai,0,routing
2026-07-24 12:28:30+00:00,br-whitefield,0,routing
2026-07-24 12:28:30+00:00,ho-chennai,0,routing
2026-07-24 12:28:30+00:00,br-koramangala,0,routing
2026-07-24 12:28:30+00:00,zo-bengaluru,0,routing
2026-07-24 12:29:00+00:00,br-koramangala,0,routing
2026-07-24 12:29:00+00:00,zo-bengaluru,0,routing
2026-07-24 12:29:00+00:00,br-whitefield,0,routing
2026-07-24 12:29:00+00:00,ho-chennai,0,routing
2026-07-24 12:29:30+00:00,br-whitefield,0,routing
2026-07-24 12:29:30+00:00,ho-chennai,0,routing
2026-07-24 12:29:30+00:00,br-koramangala,0,routing
2026-07-24 12:29:30+00:00,zo-bengaluru,0,routing
2026-07-24 12:30:00+00:00,br-koramangala,0,routing
2026-07-24 12:30:00+00:00,zo-bengaluru,0,routing
2026-07-24 12:30:00+00:00,br-whitefield,0,routing
2026-07-24 12:30:00+00:00,ho-chennai,0,routing
2026-07-24 12:30:30+00:00,br-whitefield,0,routing
2026-07-24 12:30:30+00:00,ho-chennai,0,routing
2026-07-24 12:30:30+00:00,br-koramangala,0,routing
2026-07-24 12:30:30+00:00,zo-bengaluru,0,routing
2026-07-24 12:31:00+00:00,br-koramangala,0,routing
2026-07-24 12:31:00+00:00,zo-bengaluru,0,routing
2026-07-24 12:31:00+00:00,br-whitefield,0,routing
2026-07-24 12:31:00+00:00,ho-chennai,0,routing
2026-07-24 12:31:30+00:00,br-whitefield,0,routing
2026-07-24 12:31:30+00:00,ho-chennai,0,routing
2026-07-24 12:31:30+00:00,br-koramangala,0,routing
2026-07-24 12:31:30+00:00,zo-bengaluru,0,routing
2026-07-24 12:32:00+00:00,br-koramangala,0,routing
2026-07-24 12:32:00+00:00,zo-bengaluru,0,routing
2026-07-24 12:32:00+00:00,br-whitefield,0,routing
2026-07-24 12:32:00+00:00,ho-chennai,0,routing
2026-07-24 12:32:30+00:00,br-whitefield,0,routing
2026-07-24 12:32:30+00:00,ho-chennai,0,routing
2026-07-24 12:32:30+00:00,br-koramangala,0,routing
2026-07-24 12:32:30+00:00,zo-bengaluru,0,routing
2026-07-24 12:33:00+00:00,br-koramangala,0,routing
2026-07-24 12:33:00+00:00,zo-bengaluru,0,routing
2026-07-24 12:33:00+00:00,br-whitefield,0,routing
2026-07-24 12:33:00+00:00,ho-chennai,0,routing
2026-07-24 12:33:30+00:00,br-whitefield,0,routing
2026-07-24 12:33:30+00:00,ho-chennai,0,routing
2026-07-24 12:33:30+00:00,br-koramangala,0,routing
2026-07-24 12:33:30+00:00,zo-bengaluru,0,routing
2026-07-24 12:34:00+00:00,br-koramangala,0,routing
2026-07-24 12:34:00+00:00,zo-bengaluru,0,routing
2026-07-24 12:34:00+00:00,br-whitefield,0,routing
2026-07-24 12:34:00+00:00,ho-chennai,0,routing
2026-07-24 12:34:30+00:00,br-whitefield,0,routing
2026-07-24 12:34:30+00:00,ho-chennai,0,routing
2026-07-24 12:34:30+00:00,br-koramangala,0,routing
2026-07-24 12:34:30+00:00,zo-bengaluru,0,routing
2026-07-24 12:35:00+00:00,br-koramangala,0,routing
2026-07-24 12:35:00+00:00,zo-bengaluru,0,routing
2026-07-24 12:35:00+00:00,br-whitefield,0,routing
2026-07-24 12:35:00+00:00,ho-chennai,0,routing
2026-07-24 12:35:30+00:00,br-whitefield,0,routing
2026-07-24 12:35:30+00:00,ho-chennai,0,routing
2026-07-24 12:35:30+00:00,br-koramangala,0,routing
2026-07-24 12:35:30+00:00,zo-bengaluru,0,routing
2026-07-24 12:36:00+00:00,br-koramangala,0,routing
2026-07-24 12:36:00+00:00,zo-bengaluru,0,routing
2026-07-24 12:36:00+00:00,br-whitefield,0,routing
2026-07-24 12:36:00+00:00,ho-chennai,0,routing
2026-07-24 12:36:30+00:00,br-whitefield,0,routing
2026-07-24 12:36:30+00:00,ho-chennai,0,routing
2026-07-24 12:36:30+00:00,br-koramangala,0,routing
2026-07-24 12:36:30+00:00,zo-bengaluru,0,routing
2026-07-24 12:37:00+00:00,br-koramangala,0,routing
2026-07-24 12:37:00+00:00,zo-bengaluru,0,routing
2026-07-24 12:37:00+00:00,br-whitefield,0,routing
2026-07-24 12:37:00+00:00,ho-chennai,0,routing
2026-07-24 12:37:30+00:00,br-whitefield,0,routing
2026-07-24 12:37:30+00:00,ho-chennai,0,routing
2026-07-24 12:37:30+00:00,br-koramangala,0,routing
2026-07-24 12:37:30+00:00,zo-bengaluru,0,routing
2026-07-24 12:38:00+00:00,br-koramangala,0,routing
2026-07-24 12:38:00+00:00,zo-bengaluru,0,routing
2026-07-24 12:38:00+00:00,br-whitefield,0,routing
2026-07-24 12:38:00+00:00,ho-chennai,0,routing
2026-07-24 12:38:30+00:00,br-whitefield,0,routing
2026-07-24 12:38:30+00:00,ho-chennai,0,routing
2026-07-24 12:38:30+00:00,br-koramangala,0,routing
2026-07-24 12:38:30+00:00,zo-bengaluru,0,routing
2026-07-24 12:39:00+00:00,br-koramangala,0,routing
2026-07-24 12:39:00+00:00,zo-bengaluru,0,routing
2026-07-24 12:39:00+00:00,br-whitefield,0,routing
2026-07-24 12:39:00+00:00,ho-chennai,0,routing
2026-07-24 12:39:30+00:00,br-whitefield,0,routing
2026-07-24 12:39:30+00:00,ho-chennai,0,routing
2026-07-24 12:39:30+00:00,br-koramangala,0,routing
2026-07-24 12:39:30+00:00,zo-bengaluru,0,routing
2026-07-24 12:40:00+00:00,br-koramangala,0,routing
2026-07-24 12:40:00+00:00,zo-bengaluru,0,routing
2026-07-24 12:40:00+00:00,br-whitefield,0,routing
2026-07-24 12:40:00+00:00,ho-chennai,0,routing
2026-07-24 12:40:30+00:00,br-whitefield,0,routing
2026-07-24 12:40:30+00:00,ho-chennai,0,routing
2026-07-24 12:40:30+00:00,br-koramangala,0,routing
2026-07-24 12:40:30+00:00,zo-bengaluru,0,routing
2026-07-24 12:41:00+00:00,br-koramangala,0,routing
2026-07-24 12:41:00+00:00,zo-bengaluru,0,routing
2026-07-24 12:41:00+00:00,br-whitefield,0,routing
2026-07-24 12:41:00+00:00,ho-chennai,0,routing
2026-07-24 12:41:30+00:00,br-whitefield,0,routing
2026-07-24 12:41:30+00:00,ho-chennai,0,routing
2026-07-24 12:41:30+00:00,br-koramangala,0,routing
2026-07-24 12:41:30+00:00,zo-bengaluru,0,routing
2026-07-24 12:42:00+00:00,br-koramangala,0,routing
2026-07-24 12:42:00+00:00,zo-bengaluru,0,routing
2026-07-24 12:42:00+00:00,br-whitefield,0,routing
2026-07-24 12:42:00+00:00,ho-chennai,0,routing
2026-07-24 12:42:30+00:00,br-whitefield,0,routing
2026-07-24 12:42:30+00:00,ho-chennai,0,routing
2026-07-24 12:42:30+00:00,br-koramangala,0,routing
2026-07-24 12:42:30+00:00,zo-bengaluru,0,routing
2026-07-24 12:43:00+00:00,br-koramangala,0,routing
2026-07-24 12:43:00+00:00,zo-bengaluru,0,routing
2026-07-24 12:43:00+00:00,br-whitefield,0,routing
2026-07-24 12:43:00+00:00,ho-chennai,0,routing
2026-07-24 12:43:30+00:00,br-whitefield,0,routing
2026-07-24 12:43:30+00:00,ho-chennai,0,routing
2026-07-24 12:43:30+00:00,br-koramangala,0,routing
2026-07-24 12:43:30+00:00,zo-bengaluru,0,routing
2026-07-24 12:44:00+00:00,br-koramangala,0,routing
2026-07-24 12:44:00+00:00,zo-bengaluru,0,routing
2026-07-24 12:44:00+00:00,br-whitefield,0,routing
2026-07-24 12:44:00+00:00,ho-chennai,0,routing
2026-07-24 12:44:30+00:00,br-whitefield,0,routing
2026-07-24 12:44:30+00:00,ho-chennai,0,routing
2026-07-24 12:44:30+00:00,br-koramangala,0,routing
2026-07-24 12:44:30+00:00,zo-bengaluru,0,routing
2026-07-24 12:45:00+00:00,br-koramangala,0,routing
2026-07-24 12:45:00+00:00,zo-bengaluru,0,routing
2026-07-24 12:45:00+00:00,br-whitefield,0,routing
2026-07-24 12:45:00+00:00,ho-chennai,0,routing
2026-07-24 12:45:30+00:00,br-whitefield,0,routing
2026-07-24 12:45:30+00:00,ho-chennai,0,routing
2026-07-24 12:45:30+00:00,br-koramangala,0,routing
2026-07-24 12:45:30+00:00,zo-bengaluru,0,routing
2026-07-24 12:46:00+00:00,br-koramangala,0,routing
2026-07-24 12:46:00+00:00,zo-bengaluru,0,routing
2026-07-24 12:46:00+00:00,br-whitefield,0,routing
2026-07-24 12:46:00+00:00,ho-chennai,0,routing
2026-07-24 12:46:30+00:00,br-whitefield,0,routing
2026-07-24 12:46:30+00:00,ho-chennai,0,routing
2026-07-24 12:46:30+00:00,br-koramangala,0,routing
2026-07-24 12:46:30+00:00,zo-bengaluru,0,routing
2026-07-24 12:47:00+00:00,br-koramangala,0,routing
2026-07-24 12:47:00+00:00,zo-bengaluru,0,routing
2026-07-24 12:47:00+00:00,br-whitefield,0,routing
2026-07-24 12:47:00+00:00,ho-chennai,0,routing
2026-07-24 12:47:30+00:00,br-whitefield,0,routing
2026-07-24 12:47:30+00:00,ho-chennai,0,routing
2026-07-24 12:47:30+00:00,br-koramangala,0,routing
2026-07-24 12:47:30+00:00,zo-bengaluru,0,routing
2026-07-24 12:48:00+00:00,br-koramangala,0,routing
2026-07-24 12:48:00+00:00,zo-bengaluru,0,routing
2026-07-24 12:48:00+00:00,br-whitefield,0,routing
2026-07-24 12:48:00+00:00,ho-chennai,0,routing
2026-07-24 12:48:30+00:00,br-whitefield,0,routing
2026-07-24 12:48:30+00:00,ho-chennai,0,routing
2026-07-24 12:48:30+00:00,br-koramangala,0,routing
2026-07-24 12:48:30+00:00,zo-bengaluru,0,routing
2026-07-24 12:49:00+00:00,br-koramangala,0,routing
2026-07-24 12:49:00+00:00,zo-bengaluru,0,routing
2026-07-24 12:49:00+00:00,br-whitefield,0,routing
2026-07-24 12:49:00+00:00,ho-chennai,0,routing
2026-07-24 12:49:30+00:00,br-whitefield,0,routing
2026-07-24 12:49:30+00:00,ho-chennai,0,routing
2026-07-24 12:49:30+00:00,br-koramangala,0,routing
2026-07-24 12:49:30+00:00,zo-bengaluru,0,routing
2026-07-24 12:50:00+00:00,br-koramangala,0,routing
2026-07-24 12:50:00+00:00,zo-bengaluru,0,routing
2026-07-24 12:50:00+00:00,br-whitefield,0,routing
2026-07-24 12:50:00+00:00,ho-chennai,0,routing
2026-07-24 12:51:30+00:00,br-whitefield,0,routing
2026-07-24 12:51:30+00:00,ho-chennai,0,routing
2026-07-24 12:51:30+00:00,br-koramangala,0,routing
2026-07-24 12:51:30+00:00,zo-bengaluru,0,routing
2026-07-24 12:52:00+00:00,br-koramangala,0,routing
2026-07-24 12:52:00+00:00,zo-bengaluru,0,routing
2026-07-24 12:52:00+00:00,br-whitefield,0,routing
2026-07-24 12:52:00+00:00,ho-chennai,0,routing
2026-07-24 12:52:30+00:00,br-whitefield,0,routing
2026-07-24 12:52:30+00:00,ho-chennai,0,routing
2026-07-24 12:52:30+00:00,br-koramangala,0,routing
2026-07-24 12:52:30+00:00,zo-bengaluru,0,routing
2026-07-24 12:53:00+00:00,br-koramangala,0,routing
2026-07-24 12:53:00+00:00,zo-bengaluru,0,routing
2026-07-24 12:53:00+00:00,br-whitefield,0,routing
2026-07-24 12:53:00+00:00,ho-chennai,0,routing
2026-07-24 12:53:30+00:00,br-whitefield,0,routing
2026-07-24 12:53:30+00:00,ho-chennai,0,routing
2026-07-24 12:53:30+00:00,br-koramangala,0,routing
2026-07-24 12:53:30+00:00,zo-bengaluru,0,routing
2026-07-24 12:54:00+00:00,br-koramangala,0,routing
2026-07-24 12:54:00+00:00,zo-bengaluru,0,routing
2026-07-24 12:54:00+00:00,br-whitefield,0,routing
2026-07-24 12:54:00+00:00,ho-chennai,0,routing
2026-07-24 12:54:30+00:00,br-whitefield,0,routing
2026-07-24 12:54:30+00:00,ho-chennai,0,routing
2026-07-24 12:54:30+00:00,br-koramangala,0,routing
2026-07-24 12:54:30+00:00,zo-bengaluru,0,routing
2026-07-24 12:55:00+00:00,br-koramangala,0,routing
2026-07-24 12:55:00+00:00,zo-bengaluru,0,routing
2026-07-24 12:55:00+00:00,br-whitefield,0,routing
2026-07-24 12:55:00+00:00,ho-chennai,0,routing
2026-07-24 12:55:30+00:00,br-whitefield,0,routing
2026-07-24 12:55:30+00:00,ho-chennai,0,routing
2026-07-24 12:55:30+00:00,br-koramangala,0,routing
2026-07-24 12:55:30+00:00,zo-bengaluru,0,routing
2026-07-24 12:56:00+00:00,br-koramangala,0,routing
2026-07-24 12:56:00+00:00,zo-bengaluru,0,routing
2026-07-24 12:56:00+00:00,br-whitefield,0,routing
2026-07-24 12:56:00+00:00,ho-chennai,0,routing
2026-07-24 12:56:30+00:00,br-whitefield,0,routing
2026-07-24 12:56:30+00:00,ho-chennai,0,routing
2026-07-24 12:56:30+00:00,br-koramangala,0,routing
2026-07-24 12:56:30+00:00,zo-bengaluru,0,routing
2026-07-24 12:57:00+00:00,br-koramangala,0,routing
2026-07-24 12:57:00+00:00,zo-bengaluru,0,routing
2026-07-24 12:57:00+00:00,br-whitefield,0,routing
2026-07-24 12:57:00+00:00,ho-chennai,0,routing
2026-07-24 12:57:30+00:00,br-whitefield,0,routing
2026-07-24 12:57:30+00:00,ho-chennai,0,routing
2026-07-24 12:57:30+00:00,br-koramangala,0,routing
2026-07-24 12:57:30+00:00,zo-bengaluru,0,routing
2026-07-24 12:58:00+00:00,br-koramangala,0,routing
2026-07-24 12:58:00+00:00,zo-bengaluru,0,routing
2026-07-24 12:58:00+00:00,br-whitefield,0,routing
2026-07-24 12:58:00+00:00,ho-chennai,0,routing
2026-07-24 12:58:30+00:00,br-whitefield,0,routing
2026-07-24 12:58:30+00:00,ho-chennai,0,routing
2026-07-24 12:58:30+00:00,br-koramangala,0,routing
2026-07-24 12:58:30+00:00,zo-bengaluru,0,routing
2026-07-24 12:59:00+00:00,br-koramangala,0,routing
2026-07-24 12:59:00+00:00,zo-bengaluru,0,routing
2026-07-24 12:59:00+00:00,br-whitefield,0,routing
2026-07-24 12:59:00+00:00,ho-chennai,0,routing
2026-07-24 12:59:30+00:00,br-whitefield,0,routing
2026-07-24 12:59:30+00:00,ho-chennai,0,routing
2026-07-24 12:59:30+00:00,br-koramangala,0,routing
2026-07-24 12:59:30+00:00,zo-bengaluru,0,routing
2026-07-24 13:00:00+00:00,br-koramangala,0,routing
2026-07-24 13:00:00+00:00,zo-bengaluru,0,routing
2026-07-24 13:00:00+00:00,br-whitefield,0,routing
2026-07-24 13:00:00+00:00,ho-chennai,0,routing
2026-07-24 13:00:30+00:00,br-whitefield,0,routing
2026-07-24 13:00:30+00:00,ho-chennai,0,routing
2026-07-24 13:00:30+00:00,br-koramangala,0,routing
2026-07-24 13:00:30+00:00,zo-bengaluru,0,routing
2026-07-24 13:01:00+00:00,br-koramangala,0,routing
2026-07-24 13:01:00+00:00,zo-bengaluru,0,routing
2026-07-24 13:01:00+00:00,br-whitefield,0,routing
2026-07-24 13:01:00+00:00,ho-chennai,0,routing
2026-07-24 13:01:30+00:00,br-whitefield,0,routing
2026-07-24 13:01:30+00:00,ho-chennai,0,routing
2026-07-24 13:01:30+00:00,br-koramangala,0,routing
2026-07-24 13:01:30+00:00,zo-bengaluru,0,routing
2026-07-24 13:02:00+00:00,br-koramangala,0,routing
2026-07-24 13:02:00+00:00,zo-bengaluru,0,routing
2026-07-24 13:02:00+00:00,br-whitefield,0,routing
2026-07-24 13:02:00+00:00,ho-chennai,0,routing
2026-07-24 13:02:30+00:00,br-whitefield,0,routing
2026-07-24 13:02:30+00:00,ho-chennai,0,routing
2026-07-24 13:02:30+00:00,br-koramangala,0,routing
2026-07-24 13:02:30+00:00,zo-bengaluru,0,routing
2026-07-24 13:03:00+00:00,br-koramangala,0,routing
2026-07-24 13:03:00+00:00,zo-bengaluru,0,routing
2026-07-24 13:03:00+00:00,br-whitefield,0,routing
2026-07-24 13:03:00+00:00,ho-chennai,0,routing
2026-07-24 13:03:30+00:00,br-whitefield,0,routing
2026-07-24 13:03:30+00:00,ho-chennai,0,routing
2026-07-24 13:03:30+00:00,br-koramangala,0,routing
2026-07-24 13:03:30+00:00,zo-bengaluru,0,routing
2026-07-24 13:04:00+00:00,br-koramangala,0,routing
2026-07-24 13:04:00+00:00,zo-bengaluru,0,routing
2026-07-24 13:04:00+00:00,br-whitefield,0,routing
2026-07-24 13:04:00+00:00,ho-chennai,0,routing
2026-07-24 13:04:30+00:00,br-whitefield,0,routing
2026-07-24 13:04:30+00:00,ho-chennai,0,routing
2026-07-24 13:04:30+00:00,br-koramangala,0,routing
2026-07-24 13:04:30+00:00,zo-bengaluru,0,routing
2026-07-24 13:05:00+00:00,br-koramangala,0,routing
2026-07-24 13:05:00+00:00,zo-bengaluru,0,routing
2026-07-24 13:05:00+00:00,br-whitefield,0,routing
2026-07-24 13:05:00+00:00,ho-chennai,0,routing
2026-07-24 13:05:30+00:00,br-whitefield,0,routing
2026-07-24 13:05:30+00:00,ho-chennai,0,routing
2026-07-24 13:05:30+00:00,br-koramangala,0,routing
2026-07-24 13:05:30+00:00,zo-bengaluru,0,routing
2026-07-24 13:06:00+00:00,br-koramangala,0,routing
2026-07-24 13:06:00+00:00,zo-bengaluru,0,routing
2026-07-24 13:06:00+00:00,br-whitefield,0,routing
2026-07-24 13:06:00+00:00,ho-chennai,0,routing
2026-07-24 13:06:30+00:00,br-whitefield,0,routing
2026-07-24 13:06:30+00:00,ho-chennai,0,routing
2026-07-24 13:06:30+00:00,br-koramangala,0,routing
2026-07-24 13:06:30+00:00,zo-bengaluru,0,routing
2026-07-24 13:07:00+00:00,br-koramangala,0,routing
2026-07-24 13:07:00+00:00,zo-bengaluru,0,routing
2026-07-24 13:07:00+00:00,br-whitefield,0,routing
2026-07-24 13:07:00+00:00,ho-chennai,0,routing
2026-07-24 13:07:30+00:00,br-whitefield,0,routing
2026-07-24 13:07:30+00:00,ho-chennai,0,routing
2026-07-24 13:07:30+00:00,br-koramangala,0,routing
2026-07-24 13:07:30+00:00,zo-bengaluru,0,routing
2026-07-24 13:08:00+00:00,br-koramangala,0,routing
2026-07-24 13:08:00+00:00,zo-bengaluru,0,routing
2026-07-24 13:08:00+00:00,br-whitefield,0,routing
2026-07-24 13:08:00+00:00,ho-chennai,0,routing
2026-07-24 13:08:30+00:00,br-whitefield,0,routing
2026-07-24 13:08:30+00:00,ho-chennai,0,routing
2026-07-24 13:08:30+00:00,br-koramangala,0,routing
2026-07-24 13:08:30+00:00,zo-bengaluru,0,routing
2026-07-24 13:09:00+00:00,br-koramangala,0,routing
2026-07-24 13:09:00+00:00,zo-bengaluru,0,routing
2026-07-24 13:09:00+00:00,br-whitefield,0,routing
2026-07-24 13:09:00+00:00,ho-chennai,0,routing
2026-07-24 13:09:30+00:00,br-whitefield,0,routing
2026-07-24 13:09:30+00:00,ho-chennai,0,routing
2026-07-24 13:09:30+00:00,br-koramangala,0,routing
2026-07-24 13:09:30+00:00,zo-bengaluru,0,routing
2026-07-24 13:10:00+00:00,br-koramangala,0,routing
2026-07-24 13:10:00+00:00,zo-bengaluru,0,routing
2026-07-24 13:10:00+00:00,br-whitefield,0,routing
2026-07-24 13:10:00+00:00,ho-chennai,0,routing
2026-07-24 13:10:30+00:00,br-whitefield,0,routing
2026-07-24 13:10:30+00:00,ho-chennai,0,routing
2026-07-24 13:10:30+00:00,br-koramangala,0,routing
2026-07-24 13:10:30+00:00,zo-bengaluru,0,routing
2026-07-24 13:11:00+00:00,br-koramangala,0,routing
2026-07-24 13:11:00+00:00,zo-bengaluru,0,routing
2026-07-24 13:11:00+00:00,br-whitefield,0,routing
2026-07-24 13:11:00+00:00,ho-chennai,0,routing
2026-07-24 13:11:30+00:00,br-whitefield,0,routing
2026-07-24 13:11:30+00:00,ho-chennai,0,routing
2026-07-24 13:11:30+00:00,br-koramangala,0,routing
2026-07-24 13:11:30+00:00,zo-bengaluru,0,routing
2026-07-24 13:12:00+00:00,br-koramangala,0,routing
2026-07-24 13:12:00+00:00,zo-bengaluru,0,routing
2026-07-24 13:12:00+00:00,br-whitefield,0,routing
2026-07-24 13:12:00+00:00,ho-chennai,0,routing
2026-07-24 13:12:30+00:00,br-whitefield,0,routing
2026-07-24 13:12:30+00:00,ho-chennai,0,routing
2026-07-24 13:12:30+00:00,br-koramangala,0,routing
2026-07-24 13:12:30+00:00,zo-bengaluru,0,routing
2026-07-24 13:13:00+00:00,br-koramangala,0,routing
2026-07-24 13:13:00+00:00,zo-bengaluru,0,routing
2026-07-24 13:13:00+00:00,br-whitefield,0,routing
2026-07-24 13:13:00+00:00,ho-chennai,0,routing
2026-07-24 13:13:30+00:00,br-whitefield,0,routing
2026-07-24 13:13:30+00:00,ho-chennai,0,routing
2026-07-24 13:13:30+00:00,br-koramangala,0,routing
2026-07-24 13:13:30+00:00,zo-bengaluru,0,routing
2026-07-24 13:14:00+00:00,br-koramangala,0,routing
2026-07-24 13:14:00+00:00,zo-bengaluru,0,routing
2026-07-24 13:14:00+00:00,br-whitefield,0,routing
2026-07-24 13:14:00+00:00,ho-chennai,0,routing
2026-07-24 13:14:30+00:00,br-whitefield,0,routing
2026-07-24 13:14:30+00:00,ho-chennai,0,routing
2026-07-24 13:14:30+00:00,br-koramangala,0,routing
2026-07-24 13:14:30+00:00,zo-bengaluru,0,routing
2026-07-24 13:15:00+00:00,br-koramangala,0,routing
2026-07-24 13:15:00+00:00,zo-bengaluru,0,routing
2026-07-24 13:15:00+00:00,br-whitefield,0,routing
2026-07-24 13:15:00+00:00,ho-chennai,0,routing
2026-07-24 13:15:30+00:00,br-whitefield,0,routing
2026-07-24 13:15:30+00:00,ho-chennai,0,routing
2026-07-24 13:15:30+00:00,br-koramangala,0,routing
2026-07-24 13:15:30+00:00,zo-bengaluru,0,routing
2026-07-24 13:16:00+00:00,br-koramangala,0,routing
2026-07-24 13:16:00+00:00,zo-bengaluru,0,routing
2026-07-24 13:16:00+00:00,br-whitefield,0,routing
2026-07-24 13:16:00+00:00,ho-chennai,0,routing
2026-07-24 13:16:30+00:00,br-whitefield,0,routing
2026-07-24 13:16:30+00:00,ho-chennai,0,routing
2026-07-24 13:16:30+00:00,br-koramangala,0,routing
2026-07-24 13:16:30+00:00,zo-bengaluru,0,routing
2026-07-24 13:17:00+00:00,br-koramangala,0,routing
2026-07-24 13:17:00+00:00,zo-bengaluru,0,routing
2026-07-24 13:17:00+00:00,br-whitefield,0,routing
2026-07-24 13:17:00+00:00,ho-chennai,0,routing
2026-07-24 13:17:30+00:00,br-whitefield,0,routing
2026-07-24 13:17:30+00:00,ho-chennai,0,routing
2026-07-24 13:17:30+00:00,br-koramangala,0,routing
2026-07-24 13:17:30+00:00,zo-bengaluru,0,routing
2026-07-24 13:18:00+00:00,br-koramangala,0,routing
2026-07-24 13:18:00+00:00,zo-bengaluru,0,routing
2026-07-24 13:18:00+00:00,br-whitefield,0,routing
2026-07-24 13:18:00+00:00,ho-chennai,0,routing
2026-07-24 13:18:30+00:00,br-whitefield,0,routing
2026-07-24 13:18:30+00:00,ho-chennai,0,routing
2026-07-24 13:18:30+00:00,br-koramangala,0,routing
2026-07-24 13:18:30+00:00,zo-bengaluru,0,routing
2026-07-24 13:19:00+00:00,br-koramangala,0,routing
2026-07-24 13:19:00+00:00,zo-bengaluru,0,routing
2026-07-24 13:19:00+00:00,br-whitefield,0,routing
2026-07-24 13:19:00+00:00,ho-chennai,0,routing
2026-07-24 13:19:30+00:00,br-whitefield,0,routing
2026-07-24 13:19:30+00:00,ho-chennai,0,routing
2026-07-24 13:19:30+00:00,br-koramangala,0,routing
2026-07-24 13:19:30+00:00,zo-bengaluru,0,routing
2026-07-24 13:20:00+00:00,br-koramangala,0,routing
2026-07-24 13:20:00+00:00,zo-bengaluru,0,routing
2026-07-24 13:20:00+00:00,br-whitefield,0,routing
2026-07-24 13:20:00+00:00,ho-chennai,0,routing
2026-07-24 13:20:30+00:00,br-whitefield,0,routing
2026-07-24 13:20:30+00:00,ho-chennai,0,routing
2026-07-24 13:20:30+00:00,br-koramangala,0,routing
2026-07-24 13:20:30+00:00,zo-bengaluru,0,routing
2026-07-24 13:21:00+00:00,br-koramangala,0,routing
2026-07-24 13:21:00+00:00,zo-bengaluru,0,routing
2026-07-24 13:21:00+00:00,br-whitefield,0,routing
2026-07-24 13:21:00+00:00,ho-chennai,0,routing
2026-07-24 13:21:30+00:00,br-whitefield,0,routing
2026-07-24 13:21:30+00:00,ho-chennai,0,routing
2026-07-24 13:21:30+00:00,br-koramangala,0,routing
2026-07-24 13:21:30+00:00,zo-bengaluru,0,routing
2026-07-24 13:22:00+00:00,br-koramangala,0,routing
2026-07-24 13:22:00+00:00,zo-bengaluru,0,routing
2026-07-24 13:22:00+00:00,br-whitefield,0,routing
2026-07-24 13:22:00+00:00,ho-chennai,0,routing
2026-07-24 13:22:30+00:00,br-whitefield,0,routing
2026-07-24 13:22:30+00:00,ho-chennai,0,routing
2026-07-24 13:22:30+00:00,br-koramangala,0,routing
2026-07-24 13:22:30+00:00,zo-bengaluru,0,routing
2026-07-24 13:23:00+00:00,br-koramangala,0,routing
2026-07-24 13:23:00+00:00,zo-bengaluru,0,routing
2026-07-24 13:23:00+00:00,br-whitefield,0,routing
2026-07-24 13:23:00+00:00,ho-chennai,0,routing
2026-07-24 13:23:30+00:00,br-whitefield,0,routing
2026-07-24 13:23:30+00:00,ho-chennai,0,routing
2026-07-24 13:23:30+00:00,br-koramangala,0,routing
2026-07-24 13:23:30+00:00,zo-bengaluru,0,routing
2026-07-24 13:24:00+00:00,br-koramangala,0,routing
2026-07-24 13:24:00+00:00,zo-bengaluru,0,routing
2026-07-24 13:24:00+00:00,br-whitefield,0,routing
2026-07-24 13:24:00+00:00,ho-chennai,0,routing
2026-07-24 13:24:30+00:00,br-whitefield,0,routing
2026-07-24 13:24:30+00:00,ho-chennai,0,routing
2026-07-24 13:24:30+00:00,br-koramangala,0,routing
2026-07-24 13:24:30+00:00,zo-bengaluru,0,routing
2026-07-24 13:25:00+00:00,br-koramangala,0,routing
2026-07-24 13:25:00+00:00,zo-bengaluru,0,routing
2026-07-24 13:25:00+00:00,br-whitefield,0,routing
2026-07-24 13:25:00+00:00,ho-chennai,0,routing
2026-07-24 13:25:30+00:00,br-whitefield,0,routing
2026-07-24 13:25:30+00:00,ho-chennai,0,routing
2026-07-24 13:25:30+00:00,br-koramangala,0,routing
2026-07-24 13:25:30+00:00,zo-bengaluru,0,routing
2026-07-24 13:26:00+00:00,br-koramangala,0,routing
2026-07-24 13:26:00+00:00,zo-bengaluru,0,routing
2026-07-24 13:26:00+00:00,br-whitefield,0,routing
2026-07-24 13:26:00+00:00,ho-chennai,0,routing
2026-07-24 13:26:30+00:00,br-whitefield,0,routing
2026-07-24 13:26:30+00:00,ho-chennai,0,routing
2026-07-24 13:26:30+00:00,br-koramangala,0,routing
2026-07-24 13:26:30+00:00,zo-bengaluru,0,routing
2026-07-24 13:27:00+00:00,br-koramangala,0,routing
2026-07-24 13:27:00+00:00,zo-bengaluru,0,routing
2026-07-24 13:27:00+00:00,br-whitefield,0,routing
2026-07-24 13:27:00+00:00,ho-chennai,0,routing
2026-07-24 13:27:30+00:00,br-whitefield,0,routing
2026-07-24 13:27:30+00:00,ho-chennai,0,routing
2026-07-24 13:27:30+00:00,br-koramangala,0,routing
2026-07-24 13:27:30+00:00,zo-bengaluru,0,routing
2026-07-24 13:28:00+00:00,br-koramangala,0,routing
2026-07-24 13:28:00+00:00,zo-bengaluru,0,routing
2026-07-24 13:28:00+00:00,br-whitefield,0,routing
2026-07-24 13:28:00+00:00,ho-chennai,0,routing
2026-07-24 13:28:30+00:00,br-whitefield,0,routing
2026-07-24 13:28:30+00:00,ho-chennai,0,routing
2026-07-24 13:28:30+00:00,br-koramangala,0,routing
2026-07-24 13:28:30+00:00,zo-bengaluru,0,routing
2026-07-24 13:29:00+00:00,br-koramangala,0,routing
2026-07-24 13:29:00+00:00,zo-bengaluru,0,routing
2026-07-24 13:29:00+00:00,br-whitefield,0,routing
2026-07-24 13:29:00+00:00,ho-chennai,0,routing
2026-07-24 13:29:30+00:00,br-whitefield,0,routing
2026-07-24 13:29:30+00:00,ho-chennai,0,routing
2026-07-24 13:29:30+00:00,br-koramangala,0,routing
2026-07-24 13:29:30+00:00,zo-bengaluru,0,routing
2026-07-24 13:30:00+00:00,br-koramangala,0,routing
2026-07-24 13:30:00+00:00,zo-bengaluru,0,routing
2026-07-24 13:30:00+00:00,br-whitefield,0,routing
2026-07-24 13:30:00+00:00,ho-chennai,0,routing
2026-07-24 13:30:30+00:00,br-whitefield,0,routing
2026-07-24 13:30:30+00:00,ho-chennai,0,routing
2026-07-24 13:30:30+00:00,br-koramangala,0,routing
2026-07-24 13:30:30+00:00,zo-bengaluru,0,routing
2026-07-24 13:31:00+00:00,br-koramangala,0,routing
2026-07-24 13:31:00+00:00,zo-bengaluru,0,routing
2026-07-24 13:31:00+00:00,br-whitefield,0,routing
2026-07-24 13:31:00+00:00,ho-chennai,0,routing
2026-07-24 13:31:30+00:00,br-whitefield,0,routing
2026-07-24 13:31:30+00:00,ho-chennai,0,routing
2026-07-24 13:31:30+00:00,br-koramangala,0,routing
2026-07-24 13:31:30+00:00,zo-bengaluru,0,routing
2026-07-24 13:32:00+00:00,br-koramangala,0,routing
2026-07-24 13:32:00+00:00,zo-bengaluru,0,routing
2026-07-24 13:32:00+00:00,br-whitefield,0,routing
2026-07-24 13:32:00+00:00,ho-chennai,0,routing
2026-07-24 13:32:30+00:00,br-whitefield,0,routing
2026-07-24 13:32:30+00:00,ho-chennai,0,routing
2026-07-24 13:32:30+00:00,br-koramangala,0,routing
2026-07-24 13:32:30+00:00,zo-bengaluru,0,routing
2026-07-24 13:33:00+00:00,br-koramangala,0,routing
2026-07-24 13:33:00+00:00,zo-bengaluru,0,routing
2026-07-24 13:33:00+00:00,br-whitefield,0,routing
2026-07-24 13:33:00+00:00,ho-chennai,0,routing
2026-07-24 13:33:30+00:00,br-whitefield,0,routing
2026-07-24 13:33:30+00:00,ho-chennai,0,routing
2026-07-24 13:33:30+00:00,br-koramangala,0,routing
2026-07-24 13:33:30+00:00,zo-bengaluru,0,routing
2026-07-24 13:34:00+00:00,br-koramangala,0,routing
2026-07-24 13:34:00+00:00,zo-bengaluru,0,routing
2026-07-24 13:34:00+00:00,br-whitefield,0,routing
2026-07-24 13:34:00+00:00,ho-chennai,0,routing
2026-07-24 13:34:30+00:00,br-whitefield,0,routing
2026-07-24 13:34:30+00:00,ho-chennai,0,routing
2026-07-24 13:34:30+00:00,br-koramangala,0,routing
2026-07-24 13:34:30+00:00,zo-bengaluru,0,routing
2026-07-24 13:35:00+00:00,br-koramangala,0,routing
2026-07-24 13:35:00+00:00,zo-bengaluru,0,routing
2026-07-24 13:35:00+00:00,br-whitefield,0,routing
2026-07-24 13:35:00+00:00,ho-chennai,0,routing
2026-07-24 13:35:30+00:00,br-whitefield,0,routing
2026-07-24 13:35:30+00:00,ho-chennai,0,routing
2026-07-24 13:35:30+00:00,br-koramangala,0,routing
2026-07-24 13:35:30+00:00,zo-bengaluru,0,routing
2026-07-24 13:36:00+00:00,br-koramangala,0,routing
2026-07-24 13:36:00+00:00,zo-bengaluru,0,routing
2026-07-24 13:36:00+00:00,br-whitefield,0,routing
2026-07-24 13:36:00+00:00,ho-chennai,0,routing
2026-07-24 13:36:30+00:00,br-whitefield,0,routing
2026-07-24 13:36:30+00:00,ho-chennai,0,routing
2026-07-24 13:36:30+00:00,br-koramangala,0,routing
2026-07-24 13:36:30+00:00,zo-bengaluru,0,routing
2026-07-24 13:37:00+00:00,br-koramangala,0,routing
2026-07-24 13:37:00+00:00,zo-bengaluru,0,routing
2026-07-24 13:37:00+00:00,br-whitefield,0,routing
2026-07-24 13:37:00+00:00,ho-chennai,0,routing
2026-07-24 13:37:30+00:00,br-whitefield,0,routing
2026-07-24 13:37:30+00:00,ho-chennai,0,routing
2026-07-24 13:37:30+00:00,br-koramangala,0,routing
2026-07-24 13:37:30+00:00,zo-bengaluru,0,routing
2026-07-24 13:38:00+00:00,br-koramangala,0,routing
2026-07-24 13:38:00+00:00,zo-bengaluru,0,routing
2026-07-24 13:38:00+00:00,br-whitefield,0,routing
2026-07-24 13:38:00+00:00,ho-chennai,0,routing
2026-07-24 13:38:30+00:00,br-whitefield,0,routing
2026-07-24 13:38:30+00:00,ho-chennai,0,routing
2026-07-24 13:38:30+00:00,br-koramangala,0,routing
2026-07-24 13:38:30+00:00,zo-bengaluru,0,routing
2026-07-24 13:39:00+00:00,br-koramangala,0,routing
2026-07-24 13:39:00+00:00,zo-bengaluru,0,routing
2026-07-24 13:39:00+00:00,br-whitefield,0,routing
2026-07-24 13:39:00+00:00,ho-chennai,0,routing
2026-07-24 13:39:30+00:00,br-whitefield,0,routing
2026-07-24 13:39:30+00:00,ho-chennai,0,routing
2026-07-24 13:39:30+00:00,br-koramangala,0,routing
2026-07-24 13:39:30+00:00,zo-bengaluru,0,routing
2026-07-24 13:40:00+00:00,br-koramangala,0,routing
2026-07-24 13:40:00+00:00,zo-bengaluru,0,routing
2026-07-24 13:40:00+00:00,br-whitefield,0,routing
2026-07-24 13:40:00+00:00,ho-chennai,0,routing
2026-07-24 13:40:30+00:00,br-whitefield,0,routing
2026-07-24 13:40:30+00:00,ho-chennai,0,routing
2026-07-24 13:40:30+00:00,br-koramangala,0,routing
2026-07-24 13:40:30+00:00,zo-bengaluru,0,routing
2026-07-24 13:41:00+00:00,br-koramangala,0,routing
2026-07-24 13:41:00+00:00,zo-bengaluru,0,routing
2026-07-24 13:41:00+00:00,br-whitefield,0,routing
2026-07-24 13:41:00+00:00,ho-chennai,0,routing
2026-07-24 13:41:30+00:00,br-whitefield,0,routing
2026-07-24 13:41:30+00:00,ho-chennai,0,routing
2026-07-24 13:41:30+00:00,br-koramangala,0,routing
2026-07-24 13:41:30+00:00,zo-bengaluru,0,routing
2026-07-24 13:42:00+00:00,br-koramangala,0,routing
2026-07-24 13:42:00+00:00,zo-bengaluru,0,routing
2026-07-24 13:42:00+00:00,br-whitefield,0,routing
2026-07-24 13:42:00+00:00,ho-chennai,0,routing
2026-07-24 13:42:30+00:00,br-whitefield,0,routing
2026-07-24 13:42:30+00:00,ho-chennai,0,routing
2026-07-24 13:42:30+00:00,br-koramangala,0,routing
2026-07-24 13:42:30+00:00,zo-bengaluru,0,routing
2026-07-24 13:43:00+00:00,br-koramangala,0,routing
2026-07-24 13:43:00+00:00,zo-bengaluru,0,routing
2026-07-24 13:43:00+00:00,br-whitefield,0,routing
2026-07-24 13:43:00+00:00,ho-chennai,0,routing
2026-07-24 13:43:30+00:00,br-whitefield,0,routing
2026-07-24 13:43:30+00:00,ho-chennai,0,routing
2026-07-24 13:43:30+00:00,br-koramangala,0,routing
2026-07-24 13:43:30+00:00,zo-bengaluru,0,routing
2026-07-24 13:44:00+00:00,br-koramangala,0,routing
2026-07-24 13:44:00+00:00,zo-bengaluru,0,routing
2026-07-24 13:44:00+00:00,br-whitefield,0,routing
2026-07-24 13:44:00+00:00,ho-chennai,0,routing
2026-07-24 13:44:30+00:00,br-whitefield,0,routing
2026-07-24 13:44:30+00:00,ho-chennai,0,routing
2026-07-24 13:44:30+00:00,br-koramangala,0,routing
2026-07-24 13:44:30+00:00,zo-bengaluru,0,routing
2026-07-24 13:45:00+00:00,br-koramangala,0,routing
2026-07-24 13:45:00+00:00,zo-bengaluru,0,routing
2026-07-24 13:45:00+00:00,br-whitefield,0,routing
2026-07-24 13:45:00+00:00,ho-chennai,0,routing
2026-07-24 13:45:30+00:00,br-whitefield,0,routing
2026-07-24 13:45:30+00:00,ho-chennai,0,routing
2026-07-24 13:45:30+00:00,br-koramangala,0,routing
2026-07-24 13:45:30+00:00,zo-bengaluru,0,routing
2026-07-24 13:46:00+00:00,br-koramangala,0,routing
2026-07-24 13:46:00+00:00,zo-bengaluru,0,routing
2026-07-24 13:46:00+00:00,br-whitefield,0,routing
2026-07-24 13:46:00+00:00,ho-chennai,0,routing
2026-07-24 13:46:30+00:00,br-whitefield,0,routing
2026-07-24 13:46:30+00:00,ho-chennai,0,routing
2026-07-24 13:46:30+00:00,br-koramangala,0,routing
2026-07-24 13:46:30+00:00,zo-bengaluru,0,routing
2026-07-24 13:47:00+00:00,br-koramangala,0,routing
2026-07-24 13:47:00+00:00,zo-bengaluru,0,routing
2026-07-24 13:47:00+00:00,br-whitefield,0,routing
2026-07-24 13:47:00+00:00,ho-chennai,0,routing
2026-07-24 13:47:30+00:00,br-whitefield,0,routing
2026-07-24 13:47:30+00:00,ho-chennai,0,routing
2026-07-24 13:47:30+00:00,br-koramangala,0,routing
2026-07-24 13:47:30+00:00,zo-bengaluru,0,routing
2026-07-24 13:48:00+00:00,br-koramangala,0,routing
2026-07-24 13:48:00+00:00,zo-bengaluru,0,routing
2026-07-24 13:48:00+00:00,br-whitefield,0,routing
2026-07-24 13:48:00+00:00,ho-chennai,0,routing
2026-07-24 13:48:30+00:00,br-whitefield,0,routing
2026-07-24 13:48:30+00:00,ho-chennai,0,routing
2026-07-24 13:48:30+00:00,br-koramangala,0,routing
2026-07-24 13:48:30+00:00,zo-bengaluru,0,routing
2026-07-24 13:49:00+00:00,br-koramangala,0,routing
2026-07-24 13:49:00+00:00,zo-bengaluru,0,routing
2026-07-24 13:49:00+00:00,br-whitefield,0,routing
2026-07-24 13:49:00+00:00,ho-chennai,0,routing
2026-07-24 13:49:30+00:00,br-whitefield,0,routing
2026-07-24 13:49:30+00:00,ho-chennai,0,routing
2026-07-24 13:49:30+00:00,br-koramangala,0,routing
2026-07-24 13:49:30+00:00,zo-bengaluru,0,routing
2026-07-24 13:50:00+00:00,br-koramangala,0,routing
2026-07-24 13:50:00+00:00,zo-bengaluru,0,routing
2026-07-24 13:50:00+00:00,br-whitefield,0,routing
2026-07-24 13:50:00+00:00,ho-chennai,0,routing
2026-07-24 13:50:30+00:00,br-whitefield,0,routing
2026-07-24 13:50:30+00:00,ho-chennai,0,routing
2026-07-24 13:50:30+00:00,br-koramangala,0,routing
2026-07-24 13:50:30+00:00,zo-bengaluru,0,routing
2026-07-24 13:51:00+00:00,br-koramangala,0,routing
2026-07-24 13:51:00+00:00,zo-bengaluru,0,routing
2026-07-24 13:51:00+00:00,br-whitefield,0,routing
2026-07-24 13:51:00+00:00,ho-chennai,0,routing
2026-07-24 13:51:30+00:00,br-whitefield,0,routing
2026-07-24 13:51:30+00:00,ho-chennai,0,routing
2026-07-24 13:51:30+00:00,br-koramangala,0,routing
2026-07-24 13:51:30+00:00,zo-bengaluru,0,routing
2026-07-24 13:52:00+00:00,br-koramangala,0,routing
2026-07-24 13:52:00+00:00,zo-bengaluru,0,routing
2026-07-24 13:52:00+00:00,br-whitefield,0,routing
2026-07-24 13:52:00+00:00,ho-chennai,0,routing
2026-07-24 13:52:30+00:00,br-whitefield,0,routing
2026-07-24 13:52:30+00:00,ho-chennai,0,routing
2026-07-24 13:52:30+00:00,br-koramangala,0,routing
2026-07-24 13:52:30+00:00,zo-bengaluru,0,routing
2026-07-24 13:53:00+00:00,br-koramangala,0,routing
2026-07-24 13:53:00+00:00,zo-bengaluru,0,routing
2026-07-24 13:53:00+00:00,br-whitefield,0,routing
2026-07-24 13:53:00+00:00,ho-chennai,0,routing
2026-07-24 13:53:30+00:00,br-whitefield,0,routing
2026-07-24 13:53:30+00:00,ho-chennai,0,routing
2026-07-24 13:53:30+00:00,br-koramangala,0,routing
2026-07-24 13:53:30+00:00,zo-bengaluru,0,routing
2026-07-24 13:54:00+00:00,br-koramangala,0,routing
2026-07-24 13:54:00+00:00,zo-bengaluru,0,routing
2026-07-24 13:54:00+00:00,br-whitefield,0,routing
2026-07-24 13:54:00+00:00,ho-chennai,0,routing
2026-07-24 13:54:30+00:00,br-whitefield,0,routing
2026-07-24 13:54:30+00:00,ho-chennai,0,routing
2026-07-24 13:54:30+00:00,br-koramangala,0,routing
2026-07-24 13:54:30+00:00,zo-bengaluru,0,routing
2026-07-24 13:55:00+00:00,br-koramangala,0,routing
2026-07-24 13:55:00+00:00,zo-bengaluru,0,routing
2026-07-24 13:55:00+00:00,br-whitefield,0,routing
2026-07-24 13:55:00+00:00,ho-chennai,0,routing
2026-07-24 13:55:30+00:00,br-whitefield,0,routing
2026-07-24 13:55:30+00:00,ho-chennai,0,routing
2026-07-24 13:55:30+00:00,br-koramangala,0,routing
2026-07-24 13:55:30+00:00,zo-bengaluru,0,routing
2026-07-24 13:56:00+00:00,br-koramangala,0,routing
2026-07-24 13:56:00+00:00,zo-bengaluru,0,routing
2026-07-24 13:56:00+00:00,br-whitefield,0,routing
2026-07-24 13:56:00+00:00,ho-chennai,0,routing
2026-07-24 13:56:30+00:00,br-whitefield,0,routing
2026-07-24 13:56:30+00:00,ho-chennai,0,routing
2026-07-24 13:56:30+00:00,br-koramangala,0,routing
2026-07-24 13:56:30+00:00,zo-bengaluru,0,routing
2026-07-24 13:57:00+00:00,br-koramangala,0,routing
2026-07-24 13:57:00+00:00,zo-bengaluru,0,routing
2026-07-24 13:57:00+00:00,br-whitefield,0,routing
2026-07-24 13:57:00+00:00,ho-chennai,0,routing
2026-07-24 13:57:30+00:00,br-whitefield,0,routing
2026-07-24 13:57:30+00:00,ho-chennai,0,routing
2026-07-24 13:57:30+00:00,br-koramangala,0,routing
2026-07-24 13:57:30+00:00,zo-bengaluru,0,routing
2026-07-24 13:58:00+00:00,br-koramangala,0,routing
2026-07-24 13:58:00+00:00,zo-bengaluru,0,routing
2026-07-24 13:58:00+00:00,br-whitefield,0,routing
2026-07-24 13:58:00+00:00,ho-chennai,0,routing
2026-07-24 13:58:30+00:00,br-whitefield,0,routing
2026-07-24 13:58:30+00:00,ho-chennai,0,routing
2026-07-24 13:58:30+00:00,br-koramangala,0,routing
2026-07-24 13:58:30+00:00,zo-bengaluru,0,routing
2026-07-24 13:59:00+00:00,br-koramangala,0,routing
2026-07-24 13:59:00+00:00,zo-bengaluru,0,routing
2026-07-24 13:59:00+00:00,br-whitefield,0,routing
2026-07-24 13:59:00+00:00,ho-chennai,0,routing
2026-07-24 13:59:30+00:00,br-whitefield,0,routing
2026-07-24 13:59:30+00:00,ho-chennai,0,routing
2026-07-24 13:59:30+00:00,br-koramangala,0,routing
2026-07-24 13:59:30+00:00,zo-bengaluru,0,routing
2026-07-24 14:00:00+00:00,br-koramangala,0,routing
2026-07-24 14:00:00+00:00,zo-bengaluru,0,routing
2026-07-24 14:00:00+00:00,br-whitefield,0,routing
2026-07-24 14:00:00+00:00,ho-chennai,0,routing
2026-07-24 14:00:30+00:00,br-whitefield,0,routing
2026-07-24 14:00:30+00:00,ho-chennai,0,routing
2026-07-24 14:00:30+00:00,br-koramangala,0,routing
2026-07-24 14:00:30+00:00,zo-bengaluru,0,routing
2026-07-24 14:01:00+00:00,br-koramangala,0,routing
2026-07-24 14:01:00+00:00,zo-bengaluru,0,routing
2026-07-24 14:01:00+00:00,br-whitefield,0,routing
2026-07-24 14:01:00+00:00,ho-chennai,0,routing
2026-07-24 14:01:30+00:00,br-whitefield,0,routing
2026-07-24 14:01:30+00:00,ho-chennai,0,routing
2026-07-24 14:01:30+00:00,br-koramangala,0,routing
2026-07-24 14:01:30+00:00,zo-bengaluru,0,routing
2026-07-24 14:02:00+00:00,br-koramangala,0,routing
2026-07-24 14:02:00+00:00,zo-bengaluru,0,routing
2026-07-24 14:02:00+00:00,br-whitefield,0,routing
2026-07-24 14:02:00+00:00,ho-chennai,0,routing
2026-07-24 14:02:30+00:00,br-whitefield,0,routing
2026-07-24 14:02:30+00:00,ho-chennai,0,routing
2026-07-24 14:02:30+00:00,br-koramangala,0,routing
2026-07-24 14:02:30+00:00,zo-bengaluru,0,routing
2026-07-24 14:03:00+00:00,br-koramangala,0,routing
2026-07-24 14:03:00+00:00,zo-bengaluru,0,routing
2026-07-24 14:03:00+00:00,br-whitefield,0,routing
2026-07-24 14:03:00+00:00,ho-chennai,0,routing
2026-07-24 14:03:30+00:00,br-whitefield,0,routing
2026-07-24 14:03:30+00:00,ho-chennai,0,routing
2026-07-24 14:03:30+00:00,br-koramangala,0,routing
2026-07-24 14:03:30+00:00,zo-bengaluru,0,routing
2026-07-24 14:04:00+00:00,br-koramangala,0,routing
2026-07-24 14:04:00+00:00,zo-bengaluru,0,routing
2026-07-24 14:04:00+00:00,br-whitefield,0,routing
2026-07-24 14:04:00+00:00,ho-chennai,0,routing
2026-07-24 14:04:30+00:00,br-whitefield,0,routing
2026-07-24 14:04:30+00:00,ho-chennai,0,routing
2026-07-24 14:04:30+00:00,zo-bengaluru,0,routing
2026-07-24 14:04:30+00:00,br-koramangala,0,routing
